{
    "doors": [],
    "game_objects": [],
    "lights": [
        {
            "color": [
                1.0,
                0.7799999713897705,
                0.5289999842643738
            ],
            "position": [
                16.0,
                -2.2808001041412354,
                16.0
            ],
            "radius": 5.599999904632568,
            "strength": 4.25,
            "type": "LAMP_POST"
        },
        {
            "color": [
                1.0,
                0.7799999713897705,
                0.5289999842643738
            ],
            "position": [
                22.8700008392334,
                -2.2808001041412354,
                21.1299991607666
            ],
            "radius": 5.599999904632568,
            "strength": 4.25,
            "type": "LAMP_POST"
        },
        {
            "color": [
                1.0,
                0.7799999713897705,
                0.5289999842643738
            ],
            "position": [
                6.199999809265137,
                -2.2808001041412354,
                34.130001068115234
            ],
            "radius": 5.599999904632568,
            "strength": 4.25,
            "type": "LAMP_POST"
        }
    ],
    "windows": []
}